Work item ID,Work type,Summary,Description,Parent,Status,Priority,Story Points,Component,Component,Component,Labels,Labels,Labels,Labels,Fix versions
1,Task,"Rendu du TP Docker : tag tp-docker-v1, fiche du cours à jour",Ticket LUN-001 du backlog d'origine (M2/management/backlog.md). Compétences RNCP : C2.1.1.,,Terminé,Medium,,Infra,Doc,,bc02,cours-docker,,,v0.1.0
2,Task,ADR-003 : authentification et sessions de la v2,"Ticket LUN-002 du backlog d'origine (M2/management/backlog.md). Compétences RNCP : C1.3.2, C1.2.3, C2.2.3.",,Terminé,Medium,,Doc,,,bc01,bc02,securite,,v0.1.0
3,Story,"Socle v2 : comptes, mots de passe Argon2id, sessions, connexion et déconnexion","Ticket LUN-003 du backlog d'origine (M2/management/backlog.md). Compétences RNCP : C2.2.2, C2.2.3.",,Terminé,Medium,,Back,,,bc02,securite,,,v0.1.0
4,Story,"Socle v2 : entreprises, crèches, droits d'accès par crèche, tests d'isolation","Ticket LUN-004 du backlog d'origine (M2/management/backlog.md). Compétences RNCP : C2.2.2, C2.2.3.",,Terminé,Medium,,Back,,,bc02,securite,,,v0.1.0
5,Story,"Tablette : enrôlement par la direction, PIN vérifié côté serveur, session d'action","Ticket LUN-005 du backlog d'origine (M2/management/backlog.md). Compétences RNCP : C2.2.3, C4.2.2 (ANO-001).",,Terminé,Medium,,Back,,,bc02,bc04,securite,tablette,v0.1.0
6,Story,"Double authentification (ADR-004) : TOTP et codes de secours (partie 1, fait), passkeys (partie 2)",Ticket LUN-006 du backlog d'origine (M2/management/backlog.md). Compétences RNCP : C2.2.3.,,En cours,Medium,,Back,,,bc02,securite,,,
7,Task,Tests d'intégration sur une vraie PostgreSQL (base de test jetable),Ticket LUN-007 du backlog d'origine (M2/management/backlog.md). Compétences RNCP : C2.2.2.,,Terminé,Medium,,Infra,Back,,bc02,,,,v0.1.0
8,Task,"Intégration continue : lint, tests, build des images sur chaque PR",Ticket LUN-008 du backlog d'origine (M2/management/backlog.md). Compétences RNCP : C2.1.2.,,Terminé,Medium,,Infra,,,bc02,,,,v0.1.0
9,Story,Enfants et familles (v2),Ticket LUN-009 du backlog d'origine (M2/management/backlog.md). Compétences RNCP : C2.2.3.,,Terminé,Medium,,Back,,,bc02,,,,v0.1.0
10,Story,Pointage arrivée et départ (v2),Ticket LUN-010 du backlog d'origine (M2/management/backlog.md). Compétences RNCP : C2.2.2.,,Terminé,Medium,,Back,,,bc02,tablette,,,v0.1.0
11,Story,Consultation famille : un parent ne voit que ses enfants,Ticket LUN-011 du backlog d'origine (M2/management/backlog.md). Compétences RNCP : C2.2.3.,,Terminé,Medium,,Back,,,bc02,securite,,,v0.1.0
12,Task,Revoir le parcours central pour y intégrer la fiche de ménage,"Ticket LUN-012 du backlog d'origine (M2/management/backlog.md). Compétences RNCP : C1.1.2, C3.2.2.",,À faire,Medium,,Doc,,,bc01,bc03,,,
13,Task,"Squelette M2/ (README, management, journal) ; le tableau de suivi est remplacé par Jira (LUN-22)","Ticket LUN-013 du backlog d'origine (M2/management/backlog.md). Compétences RNCP : C3.1, C3.2.1.",,À faire,Medium,,Doc,,,bc03,,,,
14,Task,Préparer l'oral du TP Docker,Ticket LUN-014 du backlog d'origine (M2/management/backlog.md). Compétences RNCP : C2.1.1.,,À faire,Medium,,Doc,,,bc02,cours-docker,,,
15,Task,Phase 0 : installer la v1 sur une base de test isolée et classer le parcours central,Ticket LUN-015 du backlog d'origine (M2/management/backlog.md). Compétences RNCP : C1.2.2.,,À faire,Medium,,Infra,,,bc01,,,,
16,Story,Purge des sessions expirées et du journal auth_event au-delà de 6 mois (durée CNIL),Ticket LUN-016 du backlog d'origine (M2/management/backlog.md). Compétences RNCP : C2.2.3.,,À faire,Medium,,Back,,,bc02,bc04,rgpd,,
17,Story,"Changement de mot de passe et invitation des employés par la direction, avec révocation des sessions",Ticket LUN-017 du backlog d'origine (M2/management/backlog.md). Compétences RNCP : C2.2.3.,,À faire,Medium,,Back,,,bc02,securite,,,
18,Story,"Routes d'administration de l'éditeur (entreprises, métriques), sans accès aux données des crèches",Ticket LUN-018 du backlog d'origine (M2/management/backlog.md). Compétences RNCP : C2.2.3.,,À faire,Medium,,Back,,,bc02,securite,,,
19,Story,"Données de santé des enfants (allergies, PAI) : analyse RGPD et HDS, puis module dédié","Ticket LUN-019 du backlog d'origine (M2/management/backlog.md). Compétences RNCP : C1.2.1, C1.2.3, C2.2.3.",,À faire,Medium,,Doc,Back,,bc01,bc02,rgpd,,
20,Story,"Correction d'un pointage par la direction, avec motif obligatoire et historique",Ticket LUN-020 du backlog d'origine (M2/management/backlog.md). Compétences RNCP : C2.2.3.,,À faire,Medium,,Back,,,bc02,bc04,,,
21,Story,"Envoi des e-mails (invitations, réinitialisation) par un prestataire, sans données d'enfants",Ticket LUN-021 du backlog d'origine (M2/management/backlog.md). Compétences RNCP : C2.2.3.,,À faire,Medium,,Back,,,bc02,rgpd,,,
22,Task,"TD Coordination : README, branching et SemVer, workflow, Jira, automatisations","Premier TD du cours Coordination Front & Back. README racine, CONTRIBUTING.md, CHANGELOG.md, branches develop et staging, modèles et automatisations GitHub, import Jira.",,En cours,High,5,Doc,Infra,,cours-coordination,bc03,,,
23,Epic,Authentification et sécurité des comptes,"Connexion, second facteur (ADR-004), gestion des comptes. Fullstack.",,À faire,High,,Back,Front,,securite,,,,
24,Epic,Crèches et personnel,Gestion des crèches d'une entreprise et des accès du personnel. Fullstack.,,À faire,Medium,,Back,Front,,,,,,
25,Epic,Pointage sur tablette,"Pointage des arrivées et départs par le personnel, suivi par la direction. Fullstack.",,À faire,High,,Back,Front,,tablette,,,,
26,Epic,Enfants et familles,"Fiches familles, invitations, portail des parents. Fullstack.",,À faire,Medium,,Back,Front,,,,,,
27,Epic,Fiche de ménage,Besoin d'origine de la crèche : remplacer les fiches de ménage papier. Fullstack.,,À faire,Medium,,Back,Front,,tablette,,,,
28,Epic,Socle technique et livraison,"Front v2, contrat d'API, environnements, déploiement continu.",,À faire,Medium,,Infra,Front,Back,,,,,
29,Epic,Pilotage du projet,"Organisation, outillage, documentation, cours.",,À faire,Medium,,Doc,,,bc03,,,,
30,Story,Écrans de connexion et de second facteur,"La direction se connecte, active son TOTP (QR code), garde ses codes de secours et présente son second facteur.",23,À faire,High,5,Back,Front,,securite,,,,
31,Story,"Passkeys (LUN-6, partie 2)","Connexion par Face ID, Touch ID ou Windows Hello (WebAuthn), plusieurs passkeys nommées par compte.",23,À faire,Medium,8,Back,Front,,securite,,,,
32,Story,Gestion des crèches par la direction,"Lister, créer, modifier et fermer les crèches de l'entreprise.",24,À faire,Medium,5,Back,Front,,,,,,
33,Story,Gestion des accès du personnel,La direction accorde ou retire l'accès d'un employé à une crèche.,24,À faire,Medium,3,Back,Front,,,,,,
34,Story,Mode tablette : pointer une arrivée ou un départ,"Sur la tablette enrôlée, l'employé choisit son nom, tape son PIN et pointe les enfants.",25,À faire,High,8,Back,Front,,tablette,,,,
35,Story,Suivi des présences par la direction,Tableau du jour et historique des présences d'une crèche.,25,À faire,Medium,5,Back,Front,,,,,,
36,Story,Fiches familles côté crèche,"La direction crée les familles, les enfants, les responsables et leurs autorisations.",26,À faire,Medium,5,Back,Front,,,,,,
37,Story,Portail des parents,Un parent invité crée son compte et consulte les présences de ses enfants.,26,À faire,Medium,5,Back,Front,,,,,,
38,Story,Pièces et tâches de ménage,"La direction décrit les pièces de la crèche et les tâches de ménage, avec leur fréquence.",27,À faire,Medium,5,Back,Front,,,,,,
39,Story,Remplir une fiche de ménage depuis la tablette,L'employé coche les tâches faites ; l'heure et l'auteur sont fixés par le serveur.,27,À faire,High,8,Back,Front,,tablette,,,,
40,Story,Historique et conservation des fiches,Remplace la conservation papier : consulter et exporter les fiches remplies.,27,À faire,Medium,5,Back,Front,,,,,,
41,Story,Socle du front v2 (ADR-002),"Choisir le front v2, générer le client TypeScript depuis le schéma OpenAPI.",28,À faire,High,8,Back,Doc,Front,,,,,
42,Story,Environnements PRÉ-PROD et PROD,"Branches staging et main déployées sur un VPS, promotion par tag, retour arrière démontré.",28,À faire,Medium,8,Infra,,,bc02,bc04,,,
43,Sub-task,"[Front] Page de connexion (erreurs 401 et 429, délai Retry-After)",,30,À faire,Medium,,Front,,,,,,,
44,Sub-task,"[Front] Activation du TOTP : QR code, confirmation, affichage unique des 10 codes de secours",,30,À faire,Medium,,Front,,,,,,,
45,Sub-task,[Front] Saisie du second facteur (code TOTP ou code de secours),,30,À faire,Medium,,Front,,,,,,,
46,Sub-task,[Back] Codes d'erreur stables (champ reason) dans les réponses 403 et 409 du second facteur,,30,À faire,Medium,,Back,,,,,,,
47,Sub-task,"[Back] Enregistrement et vérification WebAuthn (py_webauthn), migration 0009",,31,À faire,Medium,,Back,,,,,,,
48,Sub-task,[Back] Une passkey compte comme second facteur ; connexion sans mot de passe,,31,À faire,Medium,,Back,,,,,,,
49,Sub-task,[Front] Appel navigator.credentials (création et connexion),,31,À faire,Medium,,Front,,,,,,,
50,Sub-task,"[Front] Liste, nommage et retrait des passkeys",,31,À faire,Medium,,Front,,,,,,,
51,Sub-task,[Front] Liste des crèches et sélecteur de crèche courante,,32,À faire,Medium,,Front,,,,,,,
52,Sub-task,"[Front] Formulaires de création, modification et fermeture",,32,À faire,Medium,,Front,,,,,,,
53,Sub-task,"[Back] Résumé par crèche pour le tableau de bord (inscrits, présents, personnel)",,32,À faire,Medium,,Back,,,,,,,
54,Sub-task,"[Front] Écran du personnel par crèche (accorder, retirer, débloquer le PIN)",,33,À faire,Medium,,Front,,,,,,,
55,Sub-task,[Back] Recherche d'un employé par nom ou e-mail dans GET /staff,,33,À faire,Medium,,Back,,,,,,,
56,Sub-task,[Front] Enrôlement de la tablette par la direction,,34,À faire,Medium,,Front,,,,,,,
57,Sub-task,[Front] Choix de l'employé et saisie du PIN (grands boutons),,34,À faire,Medium,,Front,,,,,,,
58,Sub-task,[Front] Liste des enfants et pointage arrivée / départ avec la personne qui vient chercher,,34,À faire,Medium,,Front,,,,,,,
59,Sub-task,"[Back] Arrivée et départ groupés pour une fratrie (une requête, contrôle des personnes autorisées)",,34,À faire,Medium,,Back,,,,,,,
60,Sub-task,"[Front] Tableau des présents du jour, par crèche",,35,À faire,Medium,,Front,,,,,,,
61,Sub-task,[Front] Historique des présences sur une période,,35,À faire,Medium,,Front,,,,,,,
62,Sub-task,[Back] Export CSV des présences d'une période,,35,À faire,Medium,,Back,,,,,,,
63,Sub-task,"[Front] Création et modification d'une famille, de ses enfants et responsables",,36,À faire,Medium,,Front,,,,,,,
64,Sub-task,"[Front] Autorisations par lien enfant ↔ responsable (autorité parentale, peut venir chercher)",,36,À faire,Medium,,Front,,,,,,,
65,Sub-task,[Back] Recherche d'un enfant par nom dans la crèche,,36,À faire,Medium,,Back,,,,,,,
66,Sub-task,[Front] Page d'acceptation de l'invitation (choix du mot de passe),,37,À faire,Medium,,Front,,,,,,,
67,Sub-task,"[Front] Liste des enfants, présence du jour et historique",,37,À faire,Medium,,Front,,,,,,,
68,Sub-task,[Back] Envoi de l'invitation par e-mail (voir LUN-21),,37,À faire,Medium,,Back,,,,,,,
69,Sub-task,"[Back] Modèles pièces, tâches et fréquences, migration et routes de la direction",,38,À faire,Medium,,Back,,,,,,,
70,Sub-task,[Front] Écrans de configuration des pièces et des tâches,,38,À faire,Medium,,Front,,,,,,,
71,Sub-task,"[Back] Sessions de ménage : tâche cochée par l'employé (session PIN), horodatage serveur",,39,À faire,Medium,,Back,,,,,,,
72,Sub-task,"[Front] Liste des tâches par pièce, à cocher sur écran tactile",,39,À faire,Medium,,Front,,,,,,,
73,Sub-task,[Back] Historique filtrable et export pour un contrôle,,40,À faire,Medium,,Back,,,,,,,
74,Sub-task,[Front] Écran d'historique de la direction,,40,À faire,Medium,,Front,,,,,,,
75,Sub-task,[Doc] ADR-002 : garder Next.js ou passer à React + Vite,,41,À faire,Medium,,Doc,,,,,,,
76,Sub-task,[Front] Squelette du front v2 et client TypeScript généré,,41,À faire,Medium,,Front,,,,,,,
77,Sub-task,"[Back] Schéma OpenAPI publié par la CI, échec si le contrat change sans mise à jour du client",,41,À faire,Medium,,Back,,,,,,,
78,Sub-task,"[Infra] VPS, domaine et HTTPS (nécessaire aux passkeys)",,42,À faire,Medium,,Infra,,,,,,,
79,Sub-task,"[Infra] Images publiées et taguées, déploiement de staging et de main",,42,À faire,Medium,,Infra,,,,,,,
80,Sub-task,"[Infra] Retour arrière par tag, démontré",,42,À faire,Medium,,Infra,,,,,,,
